,system:id,y,x,relativeOrbitNumber_start,timestamp,year,datedif
148,COPERNICUS/S1_GRD/S1B_IW_GRDH_1SDV_20170507T003115_20170507T003140_005485_0099CD_C241,49.64,-100.59,34,2017-05-07 00:31:15+00:00,2017,0.0
149,COPERNICUS/S1_GRD/S1B_IW_GRDH_1SDV_20170519T003116_20170519T003141_005660_009E9C_7327,49.64,-100.59,34,2017-05-19 00:31:16.180000067+00:00,2017,12.0
150,COPERNICUS/S1_GRD/S1B_IW_GRDH_1SDV_20170531T003116_20170531T003141_005835_00A3AA_033A,49.64,-100.59,34,2017-05-31 00:31:16+00:00,2017,12.0
151,COPERNICUS/S1_GRD/S1B_IW_GRDH_1SDV_20170612T003117_20170612T003142_006010_00A8C4_941E,49.64,-100.59,34,2017-06-12 00:31:17+00:00,2017,12.0
152,COPERNICUS/S1_GRD/S1B_IW_GRDH_1SDV_20170624T003118_20170624T003143_006185_00ADDF_2D33,49.64,-100.58,34,2017-06-24 00:31:18+00:00,2017,12.0
153,COPERNICUS/S1_GRD/S1B_IW_GRDH_1SDV_20170706T003118_20170706T003143_006360_00B2CF_BE3E,49.64,-100.59,34,2017-07-06 00:31:18+00:00,2017,12.0
154,COPERNICUS/S1_GRD/S1B_IW_GRDH_1SDV_20170730T003120_20170730T003145_006710_00BCD6_CC7B,49.64,-100.59,34,2017-07-30 00:31:20+00:00,2017,24.0
155,COPERNICUS/S1_GRD/S1B_IW_GRDH_1SDV_20170823T003121_20170823T003146_007060_00C6FC_D89E,49.64,-100.59,34,2017-08-23 00:31:21+00:00,2017,24.0
156,COPERNICUS/S1_GRD/S1B_IW_GRDH_1SDV_20170916T003122_20170916T003147_007410_00D13A_2AFF,49.64,-100.59,34,2017-09-16 00:31:22+00:00,2017,24.0
157,COPERNICUS/S1_GRD/S1B_IW_GRDH_1SDV_20171010T003123_20171010T003148_007760_00DB44_BF2D,49.64,-100.59,34,2017-10-10 00:31:23+00:00,2017,24.0
169,COPERNICUS/S1_GRD/S1B_IW_GRDH_1SDV_20170515T010416_20170515T010441_005602_009D02_4A33,49.98,-108.94,151,2017-05-15 01:04:16+00:00,2017,0.0
170,COPERNICUS/S1_GRD/S1B_IW_GRDH_1SDV_20170527T010417_20170527T010442_005777_00A205_2F6D,49.98,-108.94,151,2017-05-27 01:04:17+00:00,2017,12.0
171,COPERNICUS/S1_GRD/S1B_IW_GRDH_1SDV_20170608T010417_20170608T010442_005952_00A717_3665,49.98,-108.94,151,2017-06-08 01:04:17+00:00,2017,12.0
172,COPERNICUS/S1_GRD/S1B_IW_GRDH_1SDV_20170702T010419_20170702T010444_006302_00B14B_05EE,49.98,-108.94,151,2017-07-02 01:04:19+00:00,2017,24.0
173,COPERNICUS/S1_GRD/S1B_IW_GRDH_1SDV_20170714T010420_20170714T010445_006477_00B639_617D,49.98,-108.94,151,2017-07-14 01:04:20+00:00,2017,12.0
174,COPERNICUS/S1_GRD/S1B_IW_GRDH_1SDV_20170726T010420_20170726T010445_006652_00BB37_9DF9,49.98,-108.94,151,2017-07-26 01:04:20+00:00,2017,12.0
175,COPERNICUS/S1_GRD/S1B_IW_GRDH_1SDV_20170807T010421_20170807T010446_006827_00C043_9631,49.98,-108.94,151,2017-08-07 01:04:21+00:00,2017,12.0
176,COPERNICUS/S1_GRD/S1B_IW_GRDH_1SDV_20170819T010421_20170819T010446_007002_00C561_2754,49.98,-108.94,151,2017-08-19 01:04:21+00:00,2017,12.0
177,COPERNICUS/S1_GRD/S1B_IW_GRDH_1SDV_20170831T010422_20170831T010447_007177_00CA6A_0E1A,49.98,-108.94,151,2017-08-31 01:04:22+00:00,2017,12.0
178,COPERNICUS/S1_GRD/S1B_IW_GRDH_1SDV_20170912T010422_20170912T010447_007352_00CF90_6941,49.98,-108.94,151,2017-09-12 01:04:22+00:00,2017,12.0
179,COPERNICUS/S1_GRD/S1B_IW_GRDH_1SDV_20170924T010423_20170924T010448_007527_00D4A0_919C,49.98,-108.94,151,2017-09-24 01:04:23+00:00,2017,12.0
180,COPERNICUS/S1_GRD/S1B_IW_GRDH_1SDV_20171006T010423_20171006T010448_007702_00D9A6_27A4,49.98,-108.94,151,2017-10-06 01:04:23+00:00,2017,12.0
181,COPERNICUS/S1_GRD/S1B_IW_GRDH_1SDV_20171018T010423_20171018T010448_007877_00DE9C_2195,49.98,-108.94,151,2017-10-18 01:04:23+00:00,2017,12.0
182,COPERNICUS/S1_GRD/S1B_IW_GRDH_1SDV_20171030T010423_20171030T010448_008052_00E3A9_B5BE,49.98,-108.94,151,2017-10-30 01:04:23+00:00,2017,12.0
218,COPERNICUS/S1_GRD/S1B_IW_GRDH_1SDV_20170426T011239_20170426T011304_005325_00954B_F769,50.59,-111.16,49,2017-04-26 01:12:39.450000048+00:00,2017,0.0
219,COPERNICUS/S1_GRD/S1B_IW_GRDH_1SDV_20170508T011240_20170508T011305_005500_009A32_FA03,50.59,-111.16,49,2017-05-08 01:12:40+00:00,2017,12.0
220,COPERNICUS/S1_GRD/S1B_IW_GRDH_1SDV_20170520T011240_20170520T011305_005675_009F0A_448F,50.59,-111.16,49,2017-05-20 01:12:40+00:00,2017,12.0
221,COPERNICUS/S1_GRD/S1B_IW_GRDH_1SDV_20170601T011241_20170601T011306_005850_00A419_0B8F,50.59,-111.16,49,2017-06-01 01:12:41+00:00,2017,12.0
222,COPERNICUS/S1_GRD/S1B_IW_GRDH_1SDV_20170613T011242_20170613T011307_006025_00A937_11F7,50.59,-111.16,49,2017-06-13 01:12:42+00:00,2017,12.0
223,COPERNICUS/S1_GRD/S1B_IW_GRDH_1SDV_20170625T011242_20170625T011307_006200_00AE50_332F,50.59,-111.16,49,2017-06-25 01:12:42+00:00,2017,12.0
224,COPERNICUS/S1_GRD/S1B_IW_GRDH_1SDV_20170707T011243_20170707T011308_006375_00B341_7B63,50.59,-111.16,49,2017-07-07 01:12:43+00:00,2017,12.0
225,COPERNICUS/S1_GRD/S1B_IW_GRDH_1SDV_20170731T011244_20170731T011309_006725_00BD49_D52E,50.59,-111.16,49,2017-07-31 01:12:44+00:00,2017,24.0
226,COPERNICUS/S1_GRD/S1B_IW_GRDH_1SDV_20170812T011245_20170812T011310_006900_00C25E_5859,50.59,-111.16,49,2017-08-12 01:12:45+00:00,2017,12.0
227,COPERNICUS/S1_GRD/S1B_IW_GRDH_1SDV_20170905T011246_20170905T011311_007250_00CC84_FBB1,50.59,-111.16,49,2017-09-05 01:12:46+00:00,2017,24.0
228,COPERNICUS/S1_GRD/S1B_IW_GRDH_1SDV_20170917T011247_20170917T011312_007425_00D1AD_738F,50.59,-111.16,49,2017-09-17 01:12:47+00:00,2017,12.0
229,COPERNICUS/S1_GRD/S1B_IW_GRDH_1SDV_20170929T011247_20170929T011312_007600_00D6B3_C8E6,50.59,-111.17,49,2017-09-29 01:12:47+00:00,2017,12.0
230,COPERNICUS/S1_GRD/S1B_IW_GRDH_1SDV_20171011T011247_20171011T011312_007775_00DBB6_A461,50.59,-111.17,49,2017-10-11 01:12:47+00:00,2017,12.0
245,COPERNICUS/S1_GRD/S1B_IW_GRDH_1SDV_20170430T003946_20170430T004011_005383_0096F3_145A,50.69,-102.91,107,2017-04-30 00:39:46.509999989+00:00,2017,0.0
246,COPERNICUS/S1_GRD/S1B_IW_GRDH_1SDV_20170816T003952_20170816T004017_006958_00C416_F4D1,50.69,-102.91,107,2017-08-16 00:39:52+00:00,2017,108.0
247,COPERNICUS/S1_GRD/S1B_IW_GRDH_1SDV_20170921T003953_20170921T004018_007483_00D35F_3E82,50.69,-102.93,107,2017-09-21 00:39:53+00:00,2017,36.0
248,COPERNICUS/S1_GRD/S1B_IW_GRDH_1SDV_20171003T003954_20171003T004019_007658_00D863_2E38,50.69,-102.91,107,2017-10-03 00:39:54+00:00,2017,12.0
249,COPERNICUS/S1_GRD/S1B_IW_GRDH_1SDV_20170406T003945_20170406T004010_005033_008CD6_9D4A,50.7,-102.91,107,2017-04-06 00:39:45.430000067+00:00,2017,0.0
250,COPERNICUS/S1_GRD/S1B_IW_GRDH_1SDV_20170418T003946_20170418T004011_005208_0091D8_32D8,50.7,-102.91,107,2017-04-18 00:39:46+00:00,2017,12.0
251,COPERNICUS/S1_GRD/S1B_IW_GRDH_1SDV_20170512T003947_20170512T004012_005558_009BC4_094C,50.7,-102.91,107,2017-05-12 00:39:47+00:00,2017,24.0
252,COPERNICUS/S1_GRD/S1B_IW_GRDH_1SDV_20170524T003947_20170524T004012_005733_00A0B7_6F4B,50.7,-102.91,107,2017-05-24 00:39:47+00:00,2017,12.0
253,COPERNICUS/S1_GRD/S1B_IW_GRDH_1SDV_20170605T003948_20170605T004013_005908_00A5CB_20A5,50.7,-102.91,107,2017-06-05 00:39:48+00:00,2017,12.0
254,COPERNICUS/S1_GRD/S1B_IW_GRDH_1SDV_20170617T003949_20170617T004014_006083_00AAF3_93E5,50.7,-102.91,107,2017-06-17 00:39:49+00:00,2017,12.0
255,COPERNICUS/S1_GRD/S1B_IW_GRDH_1SDV_20170629T003949_20170629T004014_006258_00B006_FC24,50.7,-102.91,107,2017-06-29 00:39:49+00:00,2017,12.0
256,COPERNICUS/S1_GRD/S1B_IW_GRDH_1SDV_20170711T003950_20170711T004015_006433_00B4F6_8D5C,50.7,-102.91,107,2017-07-11 00:39:50+00:00,2017,12.0
257,COPERNICUS/S1_GRD/S1B_IW_GRDH_1SDV_20170723T003951_20170723T004016_006608_00B9F5_F72E,50.7,-102.91,107,2017-07-23 00:39:51+00:00,2017,12.0
258,COPERNICUS/S1_GRD/S1B_IW_GRDH_1SDV_20170804T003951_20170804T004016_006783_00BEFA_08D3,50.7,-102.91,107,2017-08-04 00:39:51+00:00,2017,12.0
259,COPERNICUS/S1_GRD/S1B_IW_GRDH_1SDV_20170828T003953_20170828T004018_007133_00C928_AE4F,50.7,-102.91,107,2017-08-28 00:39:53+00:00,2017,24.0
260,COPERNICUS/S1_GRD/S1B_IW_GRDH_1SDV_20170909T003953_20170909T004018_007308_00CE41_7EBD,50.7,-102.91,107,2017-09-09 00:39:53+00:00,2017,12.0
261,COPERNICUS/S1_GRD/S1B_IW_GRDH_1SDV_20171015T003954_20171015T004019_007833_00DD53_41B7,50.7,-102.91,107,2017-10-15 00:39:54+00:00,2017,36.0
262,COPERNICUS/S1_GRD/S1B_IW_GRDH_1SDV_20171027T003954_20171027T004019_008008_00E263_EAA4,50.7,-102.91,107,2017-10-27 00:39:54+00:00,2017,12.0
363,COPERNICUS/S1_GRD/S1B_IW_GRDH_1SDV_20170426T011304_20170426T011332_005325_00954B_7CD1,52.17,-111.59,49,2017-04-26 01:13:04.450000048+00:00,2017,0.0
364,COPERNICUS/S1_GRD/S1B_IW_GRDH_1SDV_20170508T011305_20170508T011333_005500_009A32_AB5D,52.17,-111.59,49,2017-05-08 01:13:05+00:00,2017,12.0
365,COPERNICUS/S1_GRD/S1B_IW_GRDH_1SDV_20170520T011305_20170520T011334_005675_009F0A_7A6C,52.17,-111.59,49,2017-05-20 01:13:05+00:00,2017,12.0
366,COPERNICUS/S1_GRD/S1B_IW_GRDH_1SDV_20170601T011306_20170601T011334_005850_00A419_A560,52.17,-111.59,49,2017-06-01 01:13:06+00:00,2017,12.0
367,COPERNICUS/S1_GRD/S1B_IW_GRDH_1SDV_20170613T011307_20170613T011335_006025_00A937_9F4E,52.17,-111.59,49,2017-06-13 01:13:07+00:00,2017,12.0
368,COPERNICUS/S1_GRD/S1B_IW_GRDH_1SDV_20170625T011307_20170625T011336_006200_00AE50_E325,52.17,-111.59,49,2017-06-25 01:13:07+00:00,2017,12.0
369,COPERNICUS/S1_GRD/S1B_IW_GRDH_1SDV_20170707T011308_20170707T011336_006375_00B341_FC4D,52.17,-111.59,49,2017-07-07 01:13:08+00:00,2017,12.0
370,COPERNICUS/S1_GRD/S1B_IW_GRDH_1SDV_20170731T011309_20170731T011338_006725_00BD49_6A40,52.17,-111.59,49,2017-07-31 01:13:09+00:00,2017,24.0
371,COPERNICUS/S1_GRD/S1B_IW_GRDH_1SDV_20170812T011310_20170812T011339_006900_00C25E_5D5A,52.17,-111.59,49,2017-08-12 01:13:10+00:00,2017,12.0
372,COPERNICUS/S1_GRD/S1B_IW_GRDH_1SDV_20170905T011311_20170905T011340_007250_00CC84_8A84,52.17,-111.59,49,2017-09-05 01:13:11+00:00,2017,24.0
373,COPERNICUS/S1_GRD/S1B_IW_GRDH_1SDV_20170917T011312_20170917T011340_007425_00D1AD_E63A,52.17,-111.59,49,2017-09-17 01:13:12+00:00,2017,12.0
374,COPERNICUS/S1_GRD/S1B_IW_GRDH_1SDV_20170929T011312_20170929T011340_007600_00D6B3_4F80,52.17,-111.59,49,2017-09-29 01:13:12+00:00,2017,12.0
375,COPERNICUS/S1_GRD/S1B_IW_GRDH_1SDV_20171011T011312_20171011T011341_007775_00DBB6_98D8,52.17,-111.59,49,2017-10-11 01:13:12+00:00,2017,12.0
160,COPERNICUS/S1_GRD/S1B_IW_GRDH_1SDV_20180408T003120_20180408T003145_010385_012E91_89EA,49.64,-100.59,34,2018-04-08 00:31:20+00:00,2018,0.0
161,COPERNICUS/S1_GRD/S1B_IW_GRDH_1SDV_20180420T003120_20180420T003145_010560_013420_95AE,49.64,-100.59,34,2018-04-20 00:31:20+00:00,2018,12.0
162,COPERNICUS/S1_GRD/S1B_IW_GRDH_1SDV_20180526T003122_20180526T003147_011085_014522_E46F,49.64,-100.59,34,2018-05-26 00:31:22+00:00,2018,36.0
163,COPERNICUS/S1_GRD/S1B_IW_GRDH_1SDV_20180607T003123_20180607T003148_011260_014AAF_29A7,49.64,-100.59,34,2018-06-07 00:31:23+00:00,2018,12.0
164,COPERNICUS/S1_GRD/S1B_IW_GRDH_1SDV_20180619T003124_20180619T003149_011435_015013_0C21,49.64,-100.59,34,2018-06-19 00:31:24+00:00,2018,12.0
165,COPERNICUS/S1_GRD/S1B_IW_GRDH_1SDV_20180701T003125_20180701T003150_011610_015583_3200,49.64,-100.59,34,2018-07-01 00:31:25+00:00,2018,12.0
166,COPERNICUS/S1_GRD/S1B_IW_GRDH_1SDV_20180713T003125_20180713T003150_011785_015AEF_EFAE,49.64,-100.59,34,2018-07-13 00:31:25+00:00,2018,12.0
167,COPERNICUS/S1_GRD/S1B_IW_GRDH_1SDV_20180725T003126_20180725T003151_011960_01603F_AA67,49.64,-100.59,34,2018-07-25 00:31:26+00:00,2018,12.0
168,COPERNICUS/S1_GRD/S1B_IW_GRDH_1SDV_20180806T003126_20180806T003151_012135_01658D_9C05,49.64,-100.59,34,2018-08-06 00:31:26+00:00,2018,12.0
169,COPERNICUS/S1_GRD/S1B_IW_GRDH_1SDV_20180818T003128_20180818T003153_012310_016AF9_70A0,49.64,-100.59,34,2018-08-18 00:31:28+00:00,2018,12.0
170,COPERNICUS/S1_GRD/S1B_IW_GRDH_1SDV_20180830T003128_20180830T003153_012485_01706B_F79C,49.64,-100.59,34,2018-08-30 00:31:28+00:00,2018,12.0
171,COPERNICUS/S1_GRD/S1B_IW_GRDH_1SDV_20180911T003129_20180911T003154_012660_0175CE_78B2,49.64,-100.59,34,2018-09-11 00:31:29+00:00,2018,12.0
172,COPERNICUS/S1_GRD/S1B_IW_GRDH_1SDV_20181005T003129_20181005T003154_013010_018082_77EF,49.64,-100.59,34,2018-10-05 00:31:29+00:00,2018,24.0
173,COPERNICUS/S1_GRD/S1B_IW_GRDH_1SDV_20181029T003129_20181029T003154_013360_018B53_2CA6,49.64,-100.59,34,2018-10-29 00:31:29+00:00,2018,24.0
190,COPERNICUS/S1_GRD/S1B_IW_GRDH_1SDV_20180404T010421_20180404T010446_010327_012CBC_7B08,49.98,-108.9,151,2018-04-04 01:04:21+00:00,2018,0.0
191,COPERNICUS/S1_GRD/S1B_IW_GRDH_1SDV_20180416T010421_20180416T010446_010502_013254_F295,49.98,-108.9,151,2018-04-16 01:04:21+00:00,2018,12.0
192,COPERNICUS/S1_GRD/S1B_IW_GRDH_1SDV_20180428T010422_20180428T010447_010677_0137EF_AB56,49.98,-108.9,151,2018-04-28 01:04:22+00:00,2018,12.0
193,COPERNICUS/S1_GRD/S1B_IW_GRDH_1SDV_20180522T010423_20180522T010448_011027_014343_E42C,49.98,-108.9,151,2018-05-22 01:04:23+00:00,2018,24.0
194,COPERNICUS/S1_GRD/S1B_IW_GRDH_1SDV_20180603T010423_20180603T010448_011202_0148EF_C031,49.98,-108.9,151,2018-06-03 01:04:23+00:00,2018,12.0
195,COPERNICUS/S1_GRD/S1B_IW_GRDH_1SDV_20180627T010425_20180627T010450_011552_0153BB_E15B,49.98,-108.9,151,2018-06-27 01:04:25+00:00,2018,24.0
196,COPERNICUS/S1_GRD/S1B_IW_GRDH_1SDV_20180709T010426_20180709T010451_011727_015929_0922,49.98,-108.9,151,2018-07-09 01:04:26+00:00,2018,12.0
197,COPERNICUS/S1_GRD/S1B_IW_GRDH_1SDV_20180709T010426_20180709T010451_011727_015929_4948,49.98,-108.9,151,2018-07-09 01:04:26+00:00,2018,0.0
198,COPERNICUS/S1_GRD/S1B_IW_GRDH_1SDV_20180721T010427_20180721T010452_011902_015E85_130E,49.98,-108.9,151,2018-07-21 01:04:27+00:00,2018,12.0
199,COPERNICUS/S1_GRD/S1B_IW_GRDH_1SDV_20180802T010427_20180802T010452_012077_0163CE_FE57,49.98,-108.9,151,2018-08-02 01:04:27+00:00,2018,12.0
200,COPERNICUS/S1_GRD/S1B_IW_GRDH_1SDV_20180814T010428_20180814T010453_012252_016935_EEA9,49.98,-108.9,151,2018-08-14 01:04:28+00:00,2018,12.0
201,COPERNICUS/S1_GRD/S1B_IW_GRDH_1SDV_20180826T010429_20180826T010454_012427_016EA3_D1FD,49.98,-108.9,151,2018-08-26 01:04:29+00:00,2018,12.0
202,COPERNICUS/S1_GRD/S1B_IW_GRDH_1SDV_20180907T010429_20180907T010454_012602_017408_AAEA,49.98,-108.9,151,2018-09-07 01:04:29+00:00,2018,12.0
203,COPERNICUS/S1_GRD/S1B_IW_GRDH_1SDV_20180919T010429_20180919T010454_012777_017961_7433,49.98,-108.9,151,2018-09-19 01:04:29+00:00,2018,12.0
204,COPERNICUS/S1_GRD/S1B_IW_GRDH_1SDV_20181001T010430_20181001T010455_012952_017EC1_28BF,49.98,-108.9,151,2018-10-01 01:04:30+00:00,2018,12.0
205,COPERNICUS/S1_GRD/S1B_IW_GRDH_1SDV_20181013T010430_20181013T010455_013127_018413_77B3,49.98,-108.9,151,2018-10-13 01:04:30+00:00,2018,12.0
232,COPERNICUS/S1_GRD/S1B_IW_GRDH_1SDV_20180421T011245_20180421T011310_010575_013499_7DCF,50.59,-111.13,49,2018-04-21 01:12:45+00:00,2018,0.0
233,COPERNICUS/S1_GRD/S1B_IW_GRDH_1SDV_20180503T011246_20180503T011311_010750_013A3D_C8C5,50.59,-111.12,49,2018-05-03 01:12:46+00:00,2018,12.0
234,COPERNICUS/S1_GRD/S1B_IW_GRDH_1SDV_20180515T011246_20180515T011311_010925_013FE5_51A8,50.59,-111.12,49,2018-05-15 01:12:46+00:00,2018,12.0
235,COPERNICUS/S1_GRD/S1B_IW_GRDH_1SDV_20180527T011247_20180527T011312_011100_01459C_E0E0,50.59,-111.13,49,2018-05-27 01:12:47+00:00,2018,12.0
236,COPERNICUS/S1_GRD/S1B_IW_GRDH_1SDV_20180608T011248_20180608T011313_011275_014B20_27E2,50.59,-111.13,49,2018-06-08 01:12:48+00:00,2018,12.0
237,COPERNICUS/S1_GRD/S1B_IW_GRDH_1SDV_20180702T011249_20180702T011314_011625_0155F7_C37D,50.59,-111.13,49,2018-07-02 01:12:49+00:00,2018,24.0
238,COPERNICUS/S1_GRD/S1B_IW_GRDH_1SDV_20180714T011250_20180714T011315_011800_015B64_BD67,50.59,-111.12,49,2018-07-14 01:12:50+00:00,2018,12.0
239,COPERNICUS/S1_GRD/S1B_IW_GRDH_1SDV_20180726T011251_20180726T011316_011975_0160AF_0C44,50.59,-111.12,49,2018-07-26 01:12:51+00:00,2018,12.0
240,COPERNICUS/S1_GRD/S1B_IW_GRDH_1SDV_20180807T011251_20180807T011316_012150_016600_0069,50.59,-111.12,49,2018-08-07 01:12:51+00:00,2018,12.0
241,COPERNICUS/S1_GRD/S1B_IW_GRDH_1SDV_20180819T011252_20180819T011317_012325_016B6E_1B8E,50.59,-111.13,49,2018-08-19 01:12:52+00:00,2018,12.0
242,COPERNICUS/S1_GRD/S1B_IW_GRDH_1SDV_20180831T011253_20180831T011318_012500_0170D9_B55B,50.59,-111.12,49,2018-08-31 01:12:53+00:00,2018,12.0
243,COPERNICUS/S1_GRD/S1B_IW_GRDH_1SDV_20180912T011253_20180912T011318_012675_01763C_6264,50.59,-111.13,49,2018-09-12 01:12:53+00:00,2018,12.0
244,COPERNICUS/S1_GRD/S1B_IW_GRDH_1SDV_20180924T011253_20180924T011318_012850_017B9B_2531,50.59,-111.12,49,2018-09-24 01:12:53+00:00,2018,12.0
245,COPERNICUS/S1_GRD/S1B_IW_GRDH_1SDV_20181006T011254_20181006T011319_013025_0180F1_712F,50.59,-111.13,49,2018-10-06 01:12:54+00:00,2018,12.0
246,COPERNICUS/S1_GRD/S1B_IW_GRDH_1SDV_20181018T011254_20181018T011319_013200_018654_B7FB,50.59,-111.13,49,2018-10-18 01:12:54+00:00,2018,12.0
264,COPERNICUS/S1_GRD/S1B_IW_GRDH_1SDV_20180401T003951_20180401T004016_010283_012B41_6F8A,50.69,-102.93,107,2018-04-01 00:39:51+00:00,2018,0.0
265,COPERNICUS/S1_GRD/S1B_IW_GRDH_1SDV_20180413T003952_20180413T004017_010458_0130F0_60BE,50.69,-102.93,107,2018-04-13 00:39:52+00:00,2018,12.0
266,COPERNICUS/S1_GRD/S1B_IW_GRDH_1SDV_20180425T003952_20180425T004017_010633_01367F_A742,50.69,-102.93,107,2018-04-25 00:39:52+00:00,2018,12.0
267,COPERNICUS/S1_GRD/S1B_IW_GRDH_1SDV_20180507T003953_20180507T004018_010808_013C28_0870,50.69,-102.93,107,2018-05-07 00:39:53+00:00,2018,12.0
268,COPERNICUS/S1_GRD/S1B_IW_GRDH_1SDV_20180519T003953_20180519T004018_010983_0141CC_767A,50.69,-102.93,107,2018-05-19 00:39:53+00:00,2018,12.0
269,COPERNICUS/S1_GRD/S1B_IW_GRDH_1SDV_20180531T003954_20180531T004019_011158_014784_FF79,50.69,-102.93,107,2018-05-31 00:39:54+00:00,2018,12.0
270,COPERNICUS/S1_GRD/S1B_IW_GRDH_1SDV_20180612T003955_20180612T004020_011333_014CFA_6A5E,50.69,-102.93,107,2018-06-12 00:39:55+00:00,2018,12.0
271,COPERNICUS/S1_GRD/S1B_IW_GRDH_1SDV_20180624T003956_20180624T004021_011508_015261_8BF1,50.69,-102.93,107,2018-06-24 00:39:56+00:00,2018,12.0
272,COPERNICUS/S1_GRD/S1B_IW_GRDH_1SDV_20180706T003956_20180706T004021_011683_0157D9_B70A,50.69,-102.93,107,2018-07-06 00:39:56+00:00,2018,12.0
273,COPERNICUS/S1_GRD/S1B_IW_GRDH_1SDV_20180718T003957_20180718T004022_011858_015D3C_CAA5,50.69,-102.93,107,2018-07-18 00:39:57+00:00,2018,12.0
274,COPERNICUS/S1_GRD/S1B_IW_GRDH_1SDV_20180730T003958_20180730T004023_012033_016280_3175,50.69,-102.93,107,2018-07-30 00:39:58+00:00,2018,12.0
275,COPERNICUS/S1_GRD/S1B_IW_GRDH_1SDV_20180811T003958_20180811T004023_012208_0167E0_BA94,50.69,-102.93,107,2018-08-11 00:39:58+00:00,2018,12.0
276,COPERNICUS/S1_GRD/S1B_IW_GRDH_1SDV_20180823T003959_20180823T004024_012383_016D4A_905C,50.69,-102.93,107,2018-08-23 00:39:59+00:00,2018,12.0
277,COPERNICUS/S1_GRD/S1B_IW_GRDH_1SDV_20180904T004000_20180904T004025_012558_0172B9_3938,50.69,-102.93,107,2018-09-04 00:40:00+00:00,2018,12.0
278,COPERNICUS/S1_GRD/S1B_IW_GRDH_1SDV_20180916T004000_20180916T004025_012733_017812_686C,50.69,-102.93,107,2018-09-16 00:40:00+00:00,2018,12.0
279,COPERNICUS/S1_GRD/S1B_IW_GRDH_1SDV_20180928T004000_20180928T004025_012908_017D74_0298,50.69,-102.93,107,2018-09-28 00:40:00+00:00,2018,12.0
280,COPERNICUS/S1_GRD/S1B_IW_GRDH_1SDV_20181010T004001_20181010T004026_013083_0182C8_1395,50.69,-102.93,107,2018-10-10 00:40:01+00:00,2018,12.0
281,COPERNICUS/S1_GRD/S1B_IW_GRDH_1SDV_20181022T004001_20181022T004026_013258_01882F_67BD,50.69,-102.93,107,2018-10-22 00:40:01+00:00,2018,12.0
387,COPERNICUS/S1_GRD/S1B_IW_GRDH_1SDV_20180421T011310_20180421T011339_010575_013499_1E3F,52.17,-111.54,49,2018-04-21 01:13:10+00:00,2018,0.0
388,COPERNICUS/S1_GRD/S1B_IW_GRDH_1SDV_20180503T011311_20180503T011339_010750_013A3D_B5F8,52.17,-111.54,49,2018-05-03 01:13:11+00:00,2018,12.0
389,COPERNICUS/S1_GRD/S1B_IW_GRDH_1SDV_20180515T011311_20180515T011340_010925_013FE5_F963,52.17,-111.54,49,2018-05-15 01:13:11+00:00,2018,12.0
390,COPERNICUS/S1_GRD/S1B_IW_GRDH_1SDV_20180527T011312_20180527T011341_011100_01459C_880E,52.17,-111.54,49,2018-05-27 01:13:12+00:00,2018,12.0
391,COPERNICUS/S1_GRD/S1B_IW_GRDH_1SDV_20180608T011313_20180608T011341_011275_014B20_681C,52.17,-111.54,49,2018-06-08 01:13:13+00:00,2018,12.0
392,COPERNICUS/S1_GRD/S1B_IW_GRDH_1SDV_20180702T011314_20180702T011343_011625_0155F7_A7A1,52.17,-111.54,49,2018-07-02 01:13:14+00:00,2018,24.0
393,COPERNICUS/S1_GRD/S1B_IW_GRDH_1SDV_20180714T011315_20180714T011343_011800_015B64_3368,52.17,-111.54,49,2018-07-14 01:13:15+00:00,2018,12.0
394,COPERNICUS/S1_GRD/S1B_IW_GRDH_1SDV_20180726T011316_20180726T011344_011975_0160AF_443B,52.17,-111.54,49,2018-07-26 01:13:16+00:00,2018,12.0
395,COPERNICUS/S1_GRD/S1B_IW_GRDH_1SDV_20180807T011316_20180807T011345_012150_016600_B624,52.17,-111.54,49,2018-08-07 01:13:16+00:00,2018,12.0
396,COPERNICUS/S1_GRD/S1B_IW_GRDH_1SDV_20180819T011317_20180819T011346_012325_016B6E_9AA9,52.17,-111.55,49,2018-08-19 01:13:17+00:00,2018,12.0
173,COPERNICUS/S1_GRD/S1B_IW_GRDH_1SDV_20190403T003127_20190403T003152_015635_01D51C_CE92,49.64,-100.59,34,2019-04-03 00:31:27+00:00,2019,0.0
174,COPERNICUS/S1_GRD/S1B_IW_GRDH_1SDV_20190415T003127_20190415T003152_015810_01DAED_858A,49.64,-100.59,34,2019-04-15 00:31:27+00:00,2019,12.0
175,COPERNICUS/S1_GRD/S1B_IW_GRDH_1SDV_20190509T003128_20190509T003153_016160_01E684_8055,49.64,-100.59,34,2019-05-09 00:31:28+00:00,2019,24.0
176,COPERNICUS/S1_GRD/S1B_IW_GRDH_1SDV_20190602T003129_20190602T003154_016510_01F13C_DB32,49.64,-100.59,34,2019-06-02 00:31:29+00:00,2019,24.0
177,COPERNICUS/S1_GRD/S1B_IW_GRDH_1SDV_20190626T003130_20190626T003155_016860_01FB97_84FA,49.64,-100.59,34,2019-06-26 00:31:30+00:00,2019,24.0
178,COPERNICUS/S1_GRD/S1B_IW_GRDH_1SDV_20190708T003131_20190708T003156_017035_0200C6_93E9,49.64,-100.59,34,2019-07-08 00:31:31+00:00,2019,12.0
179,COPERNICUS/S1_GRD/S1B_IW_GRDH_1SDV_20190813T003134_20190813T003159_017560_02106F_D7BB,49.64,-100.59,34,2019-08-13 00:31:34+00:00,2019,36.0
180,COPERNICUS/S1_GRD/S1B_IW_GRDH_1SDV_20190825T003134_20190825T003159_017735_0215E8_E51A,49.64,-100.59,34,2019-08-25 00:31:34+00:00,2019,12.0
181,COPERNICUS/S1_GRD/S1B_IW_GRDH_1SDV_20190918T003135_20190918T003200_018085_0220CB_34D7,49.64,-100.59,34,2019-09-18 00:31:35+00:00,2019,24.0
182,COPERNICUS/S1_GRD/S1B_IW_GRDH_1SDV_20190930T003136_20190930T003201_018260_02262F_029B,49.64,-100.59,34,2019-09-30 00:31:36+00:00,2019,12.0
183,COPERNICUS/S1_GRD/S1B_IW_GRDH_1SDV_20191024T003136_20191024T003201_018610_023101_2A09,49.64,-100.59,34,2019-10-24 00:31:36+00:00,2019,24.0
199,COPERNICUS/S1_GRD/S1B_IW_GRDH_1SDV_20190517T010429_20190517T010454_016277_01EA21_A39C,49.98,-108.9,151,2019-05-17 01:04:29+00:00,2019,0.0
200,COPERNICUS/S1_GRD/S1B_IW_GRDH_1SDV_20190529T010430_20190529T010455_016452_01EF82_7652,49.98,-108.9,151,2019-05-29 01:04:30+00:00,2019,12.0
201,COPERNICUS/S1_GRD/S1B_IW_GRDH_1SDV_20190610T010430_20190610T010455_016627_01F4B5_A870,49.98,-108.9,151,2019-06-10 01:04:30+00:00,2019,12.0
202,COPERNICUS/S1_GRD/S1B_IW_GRDH_1SDV_20190622T010431_20190622T010456_016802_01F9EA_B729,49.98,-108.9,151,2019-06-22 01:04:31+00:00,2019,12.0
203,COPERNICUS/S1_GRD/S1B_IW_GRDH_1SDV_20190704T010432_20190704T010457_016977_01FF18_1D8D,49.98,-108.9,151,2019-07-04 01:04:32+00:00,2019,12.0
204,COPERNICUS/S1_GRD/S1B_IW_GRDH_1SDV_20190716T010432_20190716T010457_017152_020442_9C66,49.98,-108.9,151,2019-07-16 01:04:32+00:00,2019,12.0
205,COPERNICUS/S1_GRD/S1B_IW_GRDH_1SDV_20190728T010433_20190728T010458_017327_020959_0572,49.98,-108.9,151,2019-07-28 01:04:33+00:00,2019,12.0
206,COPERNICUS/S1_GRD/S1B_IW_GRDH_1SDV_20190809T010434_20190809T010459_017502_020EA0_A603,49.98,-108.9,151,2019-08-09 01:04:34+00:00,2019,12.0
207,COPERNICUS/S1_GRD/S1B_IW_GRDH_1SDV_20190821T010435_20190821T010500_017677_021418_97C1,49.98,-108.9,151,2019-08-21 01:04:35+00:00,2019,12.0
208,COPERNICUS/S1_GRD/S1B_IW_GRDH_1SDV_20190902T010435_20190902T010500_017852_021986_38AC,49.98,-108.9,151,2019-09-02 01:04:35+00:00,2019,12.0
209,COPERNICUS/S1_GRD/S1B_IW_GRDH_1SDV_20190914T010436_20190914T010501_018027_021EFB_667D,49.98,-108.9,151,2019-09-14 01:04:36+00:00,2019,12.0
210,COPERNICUS/S1_GRD/S1B_IW_GRDH_1SDV_20190926T010436_20190926T010501_018202_022460_F219,49.98,-108.9,151,2019-09-26 01:04:36+00:00,2019,12.0
211,COPERNICUS/S1_GRD/S1B_IW_GRDH_1SDV_20191008T010436_20191008T010501_018377_0229E5_8711,49.98,-108.9,151,2019-10-08 01:04:36+00:00,2019,12.0
212,COPERNICUS/S1_GRD/S1B_IW_GRDH_1SDV_20191020T010436_20191020T010501_018552_022F45_5E3B,49.98,-108.9,151,2019-10-20 01:04:36+00:00,2019,12.0
244,COPERNICUS/S1_GRD/S1B_IW_GRDH_1SDV_20190404T011251_20190404T011316_015650_01D594_DF9D,50.59,-111.13,49,2019-04-04 01:12:51+00:00,2019,0.0
245,COPERNICUS/S1_GRD/S1B_IW_GRDH_1SDV_20190416T011251_20190416T011316_015825_01DB65_EEC9,50.59,-111.13,49,2019-04-16 01:12:51+00:00,2019,12.0
246,COPERNICUS/S1_GRD/S1B_IW_GRDH_1SDV_20190428T011252_20190428T011317_016000_01E133_D802,50.59,-111.13,49,2019-04-28 01:12:52+00:00,2019,12.0
247,COPERNICUS/S1_GRD/S1B_IW_GRDH_1SDV_20190510T011252_20190510T011317_016175_01E6F5_4EBE,50.59,-111.13,49,2019-05-10 01:12:52+00:00,2019,12.0
248,COPERNICUS/S1_GRD/S1B_IW_GRDH_1SDV_20190522T011253_20190522T011318_016350_01EC5D_08C1,50.59,-111.13,49,2019-05-22 01:12:53+00:00,2019,12.0
249,COPERNICUS/S1_GRD/S1B_IW_GRDH_1SDV_20190603T011254_20190603T011319_016525_01F1AC_0C17,50.59,-111.12,49,2019-06-03 01:12:54+00:00,2019,12.0
250,COPERNICUS/S1_GRD/S1B_IW_GRDH_1SDV_20190615T011254_20190615T011319_016700_01F6DD_A3E8,50.59,-111.12,49,2019-06-15 01:12:54+00:00,2019,12.0
251,COPERNICUS/S1_GRD/S1B_IW_GRDH_1SDV_20190627T011255_20190627T011320_016875_01FC07_D2AA,50.59,-111.13,49,2019-06-27 01:12:55+00:00,2019,12.0
252,COPERNICUS/S1_GRD/S1B_IW_GRDH_1SDV_20190709T011256_20190709T011321_017050_02013B_F46A,50.59,-111.13,49,2019-07-09 01:12:56+00:00,2019,12.0
253,COPERNICUS/S1_GRD/S1B_IW_GRDH_1SDV_20190721T011257_20190721T011322_017225_020651_02F1,50.59,-111.13,49,2019-07-21 01:12:57+00:00,2019,12.0
254,COPERNICUS/S1_GRD/S1B_IW_GRDH_1SDV_20190802T011257_20190802T011322_017400_020B89_7BF7,50.59,-111.12,49,2019-08-02 01:12:57+00:00,2019,12.0
255,COPERNICUS/S1_GRD/S1B_IW_GRDH_1SDV_20190814T011258_20190814T011323_017575_0210E8_D9C8,50.59,-111.13,49,2019-08-14 01:12:58+00:00,2019,12.0
256,COPERNICUS/S1_GRD/S1B_IW_GRDH_1SDV_20190826T011259_20190826T011324_017750_021663_3AA5,50.59,-111.13,49,2019-08-26 01:12:59+00:00,2019,12.0
257,COPERNICUS/S1_GRD/S1B_IW_GRDH_1SDV_20190907T011259_20190907T011324_017925_021BCA_F8FA,50.59,-111.13,49,2019-09-07 01:12:59+00:00,2019,12.0
258,COPERNICUS/S1_GRD/S1B_IW_GRDH_1SDV_20190919T011300_20190919T011325_018100_022143_39E7,50.59,-111.13,49,2019-09-19 01:13:00+00:00,2019,12.0
259,COPERNICUS/S1_GRD/S1B_IW_GRDH_1SDV_20191001T011300_20191001T011325_018275_0226A6_5531,50.59,-111.13,49,2019-10-01 01:13:00+00:00,2019,12.0
260,COPERNICUS/S1_GRD/S1B_IW_GRDH_1SDV_20191013T011300_20191013T011325_018450_022C1F_6F02,50.59,-111.12,49,2019-10-13 01:13:00+00:00,2019,12.0
261,COPERNICUS/S1_GRD/S1B_IW_GRDH_1SDV_20191025T011300_20191025T011325_018625_023176_4DE5,50.59,-111.13,49,2019-10-25 01:13:00+00:00,2019,12.0
280,COPERNICUS/S1_GRD/S1B_IW_GRDH_1SDV_20190408T003958_20190408T004023_015708_01D79C_A925,50.69,-102.93,107,2019-04-08 00:39:58+00:00,2019,0.0
281,COPERNICUS/S1_GRD/S1B_IW_GRDH_1SDV_20190420T003958_20190420T004023_015883_01DD66_E437,50.69,-102.93,107,2019-04-20 00:39:58+00:00,2019,12.0
282,COPERNICUS/S1_GRD/S1B_IW_GRDH_1SDV_20190502T003959_20190502T004024_016058_01E33D_8E79,50.69,-102.93,107,2019-05-02 00:39:59+00:00,2019,12.0
283,COPERNICUS/S1_GRD/S1B_IW_GRDH_1SDV_20190514T003959_20190514T004024_016233_01E8D5_75C5,50.69,-102.93,107,2019-05-14 00:39:59+00:00,2019,12.0
284,COPERNICUS/S1_GRD/S1B_IW_GRDH_1SDV_20190526T004000_20190526T004025_016408_01EE3B_1838,50.69,-102.93,107,2019-05-26 00:40:00+00:00,2019,12.0
285,COPERNICUS/S1_GRD/S1B_IW_GRDH_1SDV_20190619T004002_20190619T004027_016758_01F8AD_1488,50.69,-102.93,107,2019-06-19 00:40:02+00:00,2019,24.0
286,COPERNICUS/S1_GRD/S1B_IW_GRDH_1SDV_20190701T004002_20190701T004027_016933_01FDD9_5151,50.69,-102.93,107,2019-07-01 00:40:02+00:00,2019,12.0
287,COPERNICUS/S1_GRD/S1B_IW_GRDH_1SDV_20190713T004003_20190713T004028_017108_020300_4450,50.69,-102.93,107,2019-07-13 00:40:03+00:00,2019,12.0
288,COPERNICUS/S1_GRD/S1B_IW_GRDH_1SDV_20190725T004004_20190725T004029_017283_020815_8F6B,50.69,-102.93,107,2019-07-25 00:40:04+00:00,2019,12.0
289,COPERNICUS/S1_GRD/S1B_IW_GRDH_1SDV_20190806T004004_20190806T004029_017458_020D5A_B4B4,50.69,-102.93,107,2019-08-06 00:40:04+00:00,2019,12.0
290,COPERNICUS/S1_GRD/S1B_IW_GRDH_1SDV_20190818T004005_20190818T004030_017633_0212C5_DAB0,50.69,-102.93,107,2019-08-18 00:40:05+00:00,2019,12.0
291,COPERNICUS/S1_GRD/S1B_IW_GRDH_1SDV_20190830T004006_20190830T004031_017808_02183B_E847,50.69,-102.93,107,2019-08-30 00:40:06+00:00,2019,12.0
292,COPERNICUS/S1_GRD/S1B_IW_GRDH_1SDV_20190911T004006_20190911T004031_017983_021DB4_D260,50.69,-102.93,107,2019-09-11 00:40:06+00:00,2019,12.0
293,COPERNICUS/S1_GRD/S1B_IW_GRDH_1SDV_20190923T004007_20190923T004032_018158_02231A_F955,50.69,-102.93,107,2019-09-23 00:40:07+00:00,2019,12.0
294,COPERNICUS/S1_GRD/S1B_IW_GRDH_1SDV_20191005T004007_20191005T004032_018333_022896_4687,50.69,-102.93,107,2019-10-05 00:40:07+00:00,2019,12.0
295,COPERNICUS/S1_GRD/S1B_IW_GRDH_1SDV_20191017T004007_20191017T004032_018508_022DFC_3FF4,50.69,-102.93,107,2019-10-17 00:40:07+00:00,2019,12.0
296,COPERNICUS/S1_GRD/S1B_IW_GRDH_1SDV_20191029T004007_20191029T004032_018683_023368_803D,50.69,-102.93,107,2019-10-29 00:40:07+00:00,2019,12.0
410,COPERNICUS/S1_GRD/S1B_IW_GRDH_1SDV_20190404T011316_20190404T011345_015650_01D594_205B,52.17,-111.54,49,2019-04-04 01:13:16+00:00,2019,0.0
411,COPERNICUS/S1_GRD/S1B_IW_GRDH_1SDV_20190428T011317_20190428T011346_016000_01E133_CD60,52.17,-111.55,49,2019-04-28 01:13:17+00:00,2019,24.0
412,COPERNICUS/S1_GRD/S1B_IW_GRDH_1SDV_20190510T011317_20190510T011346_016175_01E6F5_44BE,52.17,-111.55,49,2019-05-10 01:13:17+00:00,2019,12.0
413,COPERNICUS/S1_GRD/S1B_IW_GRDH_1SDV_20190522T011318_20190522T011347_016350_01EC5D_A925,52.17,-111.54,49,2019-05-22 01:13:18+00:00,2019,12.0
414,COPERNICUS/S1_GRD/S1B_IW_GRDH_1SDV_20190603T011319_20190603T011347_016525_01F1AC_B1E3,52.17,-111.54,49,2019-06-03 01:13:19+00:00,2019,12.0
415,COPERNICUS/S1_GRD/S1B_IW_GRDH_1SDV_20190615T011319_20190615T011348_016700_01F6DD_3AA7,52.17,-111.54,49,2019-06-15 01:13:19+00:00,2019,12.0
416,COPERNICUS/S1_GRD/S1B_IW_GRDH_1SDV_20190627T011320_20190627T011349_016875_01FC07_DA58,52.17,-111.54,49,2019-06-27 01:13:20+00:00,2019,12.0
417,COPERNICUS/S1_GRD/S1B_IW_GRDH_1SDV_20190709T011321_20190709T011350_017050_02013B_DF1F,52.17,-111.55,49,2019-07-09 01:13:21+00:00,2019,12.0
418,COPERNICUS/S1_GRD/S1B_IW_GRDH_1SDV_20190721T011322_20190721T011350_017225_020651_E4DC,52.17,-111.54,49,2019-07-21 01:13:22+00:00,2019,12.0
419,COPERNICUS/S1_GRD/S1B_IW_GRDH_1SDV_20190814T011323_20190814T011352_017575_0210E8_D6AD,52.17,-111.54,49,2019-08-14 01:13:23+00:00,2019,24.0
420,COPERNICUS/S1_GRD/S1B_IW_GRDH_1SDV_20190907T011324_20190907T011353_017925_021BCA_4412,52.17,-111.55,49,2019-09-07 01:13:24+00:00,2019,24.0
421,COPERNICUS/S1_GRD/S1B_IW_GRDH_1SDV_20191001T011325_20191001T011354_018275_0226A6_0A93,52.17,-111.55,49,2019-10-01 01:13:25+00:00,2019,24.0
422,COPERNICUS/S1_GRD/S1B_IW_GRDH_1SDV_20191025T011325_20191025T011354_018625_023176_8D6D,52.17,-111.55,49,2019-10-25 01:13:25+00:00,2019,24.0
167,COPERNICUS/S1_GRD/S1B_IW_GRDH_1SDV_20200409T003133_20200409T003158_021060_027F39_5B0D,49.64,-100.59,34,2020-04-09 00:31:33+00:00,2020,0.0
168,COPERNICUS/S1_GRD/S1B_IW_GRDH_1SDV_20200421T003133_20200421T003158_021235_0284BC_66FA,49.64,-100.59,34,2020-04-21 00:31:33+00:00,2020,12.0
169,COPERNICUS/S1_GRD/S1B_IW_GRDH_1SDV_20200503T003134_20200503T003159_021410_028A4A_55C2,49.64,-100.59,34,2020-05-03 00:31:34+00:00,2020,12.0
170,COPERNICUS/S1_GRD/S1B_IW_GRDH_1SDV_20200515T003134_20200515T003159_021585_028FA1_D136,49.64,-100.59,34,2020-05-15 00:31:34+00:00,2020,12.0
171,COPERNICUS/S1_GRD/S1B_IW_GRDH_1SDV_20200527T003135_20200527T003200_021760_0294CC_CF6F,49.64,-100.59,34,2020-05-27 00:31:35+00:00,2020,12.0
172,COPERNICUS/S1_GRD/S1B_IW_GRDH_1SDV_20200620T003137_20200620T003202_022110_029F5B_F3DE,49.64,-100.59,34,2020-06-20 00:31:37+00:00,2020,24.0
173,COPERNICUS/S1_GRD/S1B_IW_GRDH_1SDV_20200807T003140_20200807T003205_022810_02B4AE_C2C2,49.64,-100.59,34,2020-08-07 00:31:40+00:00,2020,48.0
174,COPERNICUS/S1_GRD/S1B_IW_GRDH_1SDV_20200831T003141_20200831T003206_023160_02BF9B_C7C0,49.64,-100.59,34,2020-08-31 00:31:41+00:00,2020,24.0
175,COPERNICUS/S1_GRD/S1B_IW_GRDH_1SDV_20201006T003142_20201006T003207_023685_02D013_B5E7,49.64,-100.59,34,2020-10-06 00:31:42+00:00,2020,36.0
176,COPERNICUS/S1_GRD/S1B_IW_GRDH_1SDV_20201030T003142_20201030T003207_024035_02DAF6_C5FA,49.64,-100.59,34,2020-10-30 00:31:42+00:00,2020,24.0
194,COPERNICUS/S1_GRD/S1B_IW_GRDH_1SDV_20200405T010433_20200405T010458_021002_027D64_A480,49.98,-108.9,151,2020-04-05 01:04:33+00:00,2020,0.0
195,COPERNICUS/S1_GRD/S1B_IW_GRDH_1SDV_20200417T010434_20200417T010459_021177_0282EF_EE53,49.98,-108.9,151,2020-04-17 01:04:34+00:00,2020,12.0
196,COPERNICUS/S1_GRD/S1B_IW_GRDH_1SDV_20200429T010434_20200429T010459_021352_028875_CA48,49.98,-108.9,151,2020-04-29 01:04:34+00:00,2020,12.0
197,COPERNICUS/S1_GRD/S1B_IW_GRDH_1SDV_20200511T010435_20200511T010500_021527_028DEC_D408,49.98,-108.9,151,2020-05-11 01:04:35+00:00,2020,12.0
198,COPERNICUS/S1_GRD/S1B_IW_GRDH_1SDV_20200523T010436_20200523T010501_021702_029313_A82A,49.98,-108.9,151,2020-05-23 01:04:36+00:00,2020,12.0
199,COPERNICUS/S1_GRD/S1B_IW_GRDH_1SDV_20200616T010437_20200616T010502_022052_029D9A_908E,49.98,-108.9,151,2020-06-16 01:04:37+00:00,2020,24.0
200,COPERNICUS/S1_GRD/S1B_IW_GRDH_1SDV_20200628T010438_20200628T010503_022227_02A2F2_8329,49.98,-108.9,151,2020-06-28 01:04:38+00:00,2020,12.0
201,COPERNICUS/S1_GRD/S1B_IW_GRDH_1SDV_20200710T010438_20200710T010503_022402_02A846_47D3,49.98,-108.9,151,2020-07-10 01:04:38+00:00,2020,12.0
202,COPERNICUS/S1_GRD/S1B_IW_GRDH_1SDV_20200722T010439_20200722T010504_022577_02AD97_6145,49.98,-108.9,151,2020-07-22 01:04:39+00:00,2020,12.0
203,COPERNICUS/S1_GRD/S1B_IW_GRDH_1SDV_20200803T010440_20200803T010505_022752_02B2E3_760E,49.98,-108.9,151,2020-08-03 01:04:40+00:00,2020,12.0
204,COPERNICUS/S1_GRD/S1B_IW_GRDH_1SDV_20200815T010441_20200815T010506_022927_02B84B_6512,49.98,-108.9,151,2020-08-15 01:04:41+00:00,2020,12.0
205,COPERNICUS/S1_GRD/S1B_IW_GRDH_1SDV_20200827T010441_20200827T010506_023102_02BDCC_5B18,49.98,-108.9,151,2020-08-27 01:04:41+00:00,2020,12.0
206,COPERNICUS/S1_GRD/S1B_IW_GRDH_1SDV_20200908T010442_20200908T010507_023277_02C345_25C3,49.98,-108.9,151,2020-09-08 01:04:42+00:00,2020,12.0
207,COPERNICUS/S1_GRD/S1B_IW_GRDH_1SDV_20200920T010442_20200920T010507_023452_02C8BF_3F13,49.98,-108.9,151,2020-09-20 01:04:42+00:00,2020,12.0
208,COPERNICUS/S1_GRD/S1B_IW_GRDH_1SDV_20201002T010442_20201002T010507_023627_02CE3B_7F7A,49.98,-108.9,151,2020-10-02 01:04:42+00:00,2020,12.0
209,COPERNICUS/S1_GRD/S1B_IW_GRDH_1SDV_20201014T010443_20201014T010508_023802_02D3AC_742B,49.98,-108.9,151,2020-10-14 01:04:43+00:00,2020,12.0
210,COPERNICUS/S1_GRD/S1B_IW_GRDH_1SDV_20201026T010443_20201026T010508_023977_02D929_8EAD,49.98,-108.9,151,2020-10-26 01:04:43+00:00,2020,12.0
246,COPERNICUS/S1_GRD/S1B_IW_GRDH_1SDV_20200410T011257_20200410T011322_021075_027FB0_52A0,50.59,-111.13,49,2020-04-10 01:12:57+00:00,2020,0.0
247,COPERNICUS/S1_GRD/S1B_IW_GRDH_1SDV_20200422T011258_20200422T011323_021250_028536_DCC6,50.59,-111.12,49,2020-04-22 01:12:58+00:00,2020,12.0
248,COPERNICUS/S1_GRD/S1B_IW_GRDH_1SDV_20200504T011259_20200504T011324_021425_028AC6_D36E,50.59,-111.13,49,2020-05-04 01:12:59+00:00,2020,12.0
249,COPERNICUS/S1_GRD/S1B_IW_GRDH_1SDV_20200516T011259_20200516T011324_021600_029016_1473,50.59,-111.13,49,2020-05-16 01:12:59+00:00,2020,12.0
250,COPERNICUS/S1_GRD/S1B_IW_GRDH_1SDV_20200528T011300_20200528T011325_021775_029543_ED36,50.59,-111.13,49,2020-05-28 01:13:00+00:00,2020,12.0
251,COPERNICUS/S1_GRD/S1B_IW_GRDH_1SDV_20200609T011301_20200609T011326_021950_029A81_3020,50.59,-111.12,49,2020-06-09 01:13:01+00:00,2020,12.0
252,COPERNICUS/S1_GRD/S1B_IW_GRDH_1SDV_20200621T011301_20200621T011326_022125_029FD3_5FAA,50.59,-111.12,49,2020-06-21 01:13:01+00:00,2020,12.0
253,COPERNICUS/S1_GRD/S1B_IW_GRDH_1SDV_20200715T011303_20200715T011328_022475_02AA7E_E07C,50.59,-111.13,49,2020-07-15 01:13:03+00:00,2020,24.0
254,COPERNICUS/S1_GRD/S1B_IW_GRDH_1SDV_20200727T011303_20200727T011328_022650_02AFD3_6614,50.59,-111.13,49,2020-07-27 01:13:03+00:00,2020,12.0
255,COPERNICUS/S1_GRD/S1B_IW_GRDH_1SDV_20200808T011304_20200808T011329_022825_02B521_0680,50.59,-111.13,49,2020-08-08 01:13:04+00:00,2020,12.0
256,COPERNICUS/S1_GRD/S1B_IW_GRDH_1SDV_20200820T011305_20200820T011330_023000_02BA93_D514,50.59,-111.12,49,2020-08-20 01:13:05+00:00,2020,12.0
257,COPERNICUS/S1_GRD/S1B_IW_GRDH_1SDV_20200901T011306_20200901T011331_023175_02C011_52D9,50.59,-111.13,49,2020-09-01 01:13:06+00:00,2020,12.0
258,COPERNICUS/S1_GRD/S1B_IW_GRDH_1SDV_20200913T011306_20200913T011331_023350_02C58A_325A,50.59,-111.13,49,2020-09-13 01:13:06+00:00,2020,12.0
259,COPERNICUS/S1_GRD/S1B_IW_GRDH_1SDV_20200925T011306_20200925T011331_023525_02CB06_0858,50.59,-111.13,49,2020-09-25 01:13:06+00:00,2020,12.0
260,COPERNICUS/S1_GRD/S1B_IW_GRDH_1SDV_20201007T011307_20201007T011332_023700_02D084_511A,50.59,-111.13,49,2020-10-07 01:13:07+00:00,2020,12.0
261,COPERNICUS/S1_GRD/S1B_IW_GRDH_1SDV_20201019T011306_20201019T011331_023875_02D5E9_78DC,50.59,-111.12,49,2020-10-19 01:13:06+00:00,2020,12.0
277,COPERNICUS/S1_GRD/S1B_IW_GRDH_1SDV_20200402T004004_20200402T004029_020958_027C14_A5FF,50.69,-102.93,107,2020-04-02 00:40:04+00:00,2020,0.0
278,COPERNICUS/S1_GRD/S1B_IW_GRDH_1SDV_20200414T004004_20200414T004029_021133_02819E_ABB7,50.69,-102.93,107,2020-04-14 00:40:04+00:00,2020,12.0
279,COPERNICUS/S1_GRD/S1B_IW_GRDH_1SDV_20200426T004005_20200426T004030_021308_028724_899A,50.69,-102.93,107,2020-04-26 00:40:05+00:00,2020,12.0
280,COPERNICUS/S1_GRD/S1B_IW_GRDH_1SDV_20200508T004006_20200508T004031_021483_028CA6_5ECD,50.69,-102.93,107,2020-05-08 00:40:06+00:00,2020,12.0
281,COPERNICUS/S1_GRD/S1B_IW_GRDH_1SDV_20200520T004006_20200520T004031_021658_0291DA_4904,50.69,-102.93,107,2020-05-20 00:40:06+00:00,2020,12.0
282,COPERNICUS/S1_GRD/S1B_IW_GRDH_1SDV_20200601T004007_20200601T004032_021833_029712_21F1,50.69,-102.93,107,2020-06-01 00:40:07+00:00,2020,12.0
283,COPERNICUS/S1_GRD/S1B_IW_GRDH_1SDV_20200613T004008_20200613T004033_022008_029C4F_F2B2,50.69,-102.93,107,2020-06-13 00:40:08+00:00,2020,12.0
284,COPERNICUS/S1_GRD/S1B_IW_GRDH_1SDV_20200625T004008_20200625T004033_022183_02A1A3_2D7A,50.69,-102.93,107,2020-06-25 00:40:08+00:00,2020,12.0
285,COPERNICUS/S1_GRD/S1B_IW_GRDH_1SDV_20200707T004009_20200707T004034_022358_02A6FB_751D,50.69,-102.93,107,2020-07-07 00:40:09+00:00,2020,12.0
286,COPERNICUS/S1_GRD/S1B_IW_GRDH_1SDV_20200731T004011_20200731T004036_022708_02B19D_AB69,50.69,-102.93,107,2020-07-31 00:40:11+00:00,2020,24.0
287,COPERNICUS/S1_GRD/S1B_IW_GRDH_1SDV_20200812T004011_20200812T004036_022883_02B704_8041,50.69,-102.93,107,2020-08-12 00:40:11+00:00,2020,12.0
288,COPERNICUS/S1_GRD/S1B_IW_GRDH_1SDV_20200824T004012_20200824T004037_023058_02BC82_2866,50.69,-102.93,107,2020-08-24 00:40:12+00:00,2020,12.0
289,COPERNICUS/S1_GRD/S1B_IW_GRDH_1SDV_20200905T004012_20200905T004037_023233_02C1F1_4298,50.69,-102.93,107,2020-09-05 00:40:12+00:00,2020,12.0
290,COPERNICUS/S1_GRD/S1B_IW_GRDH_1SDV_20200917T004013_20200917T004038_023408_02C777_360C,50.69,-102.93,107,2020-09-17 00:40:13+00:00,2020,12.0
291,COPERNICUS/S1_GRD/S1B_IW_GRDH_1SDV_20200929T004013_20200929T004038_023583_02CCF1_F6C2,50.69,-102.93,107,2020-09-29 00:40:13+00:00,2020,12.0
292,COPERNICUS/S1_GRD/S1B_IW_GRDH_1SDV_20201011T004013_20201011T004038_023758_02D260_5301,50.69,-102.93,107,2020-10-11 00:40:13+00:00,2020,12.0
293,COPERNICUS/S1_GRD/S1B_IW_GRDH_1SDV_20201023T004013_20201023T004038_023933_02D7D6_4CF2,50.69,-102.93,107,2020-10-23 00:40:13+00:00,2020,12.0
410,COPERNICUS/S1_GRD/S1B_IW_GRDH_1SDV_20200410T011322_20200410T011351_021075_027FB0_7955,52.17,-111.55,49,2020-04-10 01:13:22+00:00,2020,0.0
411,COPERNICUS/S1_GRD/S1B_IW_GRDH_1SDV_20200422T011323_20200422T011351_021250_028536_3940,52.17,-111.54,49,2020-04-22 01:13:23+00:00,2020,12.0
412,COPERNICUS/S1_GRD/S1B_IW_GRDH_1SDV_20200504T011324_20200504T011352_021425_028AC6_F0EF,52.17,-111.54,49,2020-05-04 01:13:24+00:00,2020,12.0
413,COPERNICUS/S1_GRD/S1B_IW_GRDH_1SDV_20200516T011324_20200516T011353_021600_029016_5715,52.17,-111.54,49,2020-05-16 01:13:24+00:00,2020,12.0
414,COPERNICUS/S1_GRD/S1B_IW_GRDH_1SDV_20200528T011325_20200528T011353_021775_029543_DB7C,52.17,-111.55,49,2020-05-28 01:13:25+00:00,2020,12.0
415,COPERNICUS/S1_GRD/S1B_IW_GRDH_1SDV_20200609T011326_20200609T011354_021950_029A81_2D5B,52.17,-111.54,49,2020-06-09 01:13:26+00:00,2020,12.0
416,COPERNICUS/S1_GRD/S1B_IW_GRDH_1SDV_20200621T011326_20200621T011355_022125_029FD3_C780,52.17,-111.54,49,2020-06-21 01:13:26+00:00,2020,12.0
417,COPERNICUS/S1_GRD/S1B_IW_GRDH_1SDV_20200715T011328_20200715T011356_022475_02AA7E_8138,52.17,-111.55,49,2020-07-15 01:13:28+00:00,2020,24.0
418,COPERNICUS/S1_GRD/S1B_IW_GRDH_1SDV_20200727T011328_20200727T011357_022650_02AFD3_4A14,52.17,-111.55,49,2020-07-27 01:13:28+00:00,2020,12.0
419,COPERNICUS/S1_GRD/S1B_IW_GRDH_1SDV_20200808T011329_20200808T011358_022825_02B521_C79B,52.17,-111.55,49,2020-08-08 01:13:29+00:00,2020,12.0
420,COPERNICUS/S1_GRD/S1B_IW_GRDH_1SDV_20200913T011331_20200913T011400_023350_02C58A_124C,52.17,-111.55,49,2020-09-13 01:13:31+00:00,2020,36.0
421,COPERNICUS/S1_GRD/S1B_IW_GRDH_1SDV_20201007T011332_20201007T011400_023700_02D084_FAEC,52.17,-111.55,49,2020-10-07 01:13:32+00:00,2020,24.0
422,COPERNICUS/S1_GRD/S1B_IW_GRDH_1SDV_20201019T011331_20201019T011400_023875_02D5E9_1E62,52.17,-111.54,49,2020-10-19 01:13:31+00:00,2020,12.0
178,COPERNICUS/S1_GRD/S1B_IW_GRDH_1SDV_20210522T003141_20210522T003206_027010_033A16_3DA3,49.64,-100.59,34,2021-05-22 00:31:41+00:00,2021,0.0
179,COPERNICUS/S1_GRD/S1B_IW_GRDH_1SDV_20210627T003143_20210627T003208_027535_034974_AE10,49.64,-100.59,34,2021-06-27 00:31:43+00:00,2021,36.0
180,COPERNICUS/S1_GRD/S1B_IW_GRDH_1SDV_20210709T003143_20210709T003208_027710_034E94_6F3C,49.64,-100.59,34,2021-07-09 00:31:43+00:00,2021,12.0
181,COPERNICUS/S1_GRD/S1B_IW_GRDH_1SDV_20210802T003145_20210802T003210_028060_0358E8_B9C6,49.64,-100.59,34,2021-08-02 00:31:45+00:00,2021,24.0
182,COPERNICUS/S1_GRD/S1B_IW_GRDH_1SDV_20210814T003146_20210814T003211_028235_035E50_82C1,49.64,-100.59,34,2021-08-14 00:31:46+00:00,2021,12.0
183,COPERNICUS/S1_GRD/S1B_IW_GRDH_1SDV_20210826T003146_20210826T003211_028410_0363C5_6B86,49.64,-100.59,34,2021-08-26 00:31:46+00:00,2021,12.0
184,COPERNICUS/S1_GRD/S1B_IW_GRDH_1SDV_20211001T003148_20211001T003213_028935_0373DD_BC21,49.64,-100.59,34,2021-10-01 00:31:48+00:00,2021,36.0
185,COPERNICUS/S1_GRD/S1B_IW_GRDH_1SDV_20211013T003148_20211013T003213_029110_03793F_67CF,49.64,-100.59,34,2021-10-13 00:31:48+00:00,2021,12.0
203,COPERNICUS/S1_GRD/S1B_IW_GRDH_1SDV_20210412T010439_20210412T010504_026427_03279C_A91C,49.98,-108.9,151,2021-04-12 01:04:39+00:00,2021,0.0
204,COPERNICUS/S1_GRD/S1B_IW_GRDH_1SDV_20210424T010440_20210424T010505_026602_032D3B_8655,49.98,-108.9,151,2021-04-24 01:04:40+00:00,2021,12.0
205,COPERNICUS/S1_GRD/S1B_IW_GRDH_1SDV_20210506T010441_20210506T010506_026777_0332D5_FA28,49.98,-108.9,151,2021-05-06 01:04:41+00:00,2021,12.0
206,COPERNICUS/S1_GRD/S1B_IW_GRDH_1SDV_20210518T010441_20210518T010506_026952_03384B_0A80,49.98,-108.9,151,2021-05-18 01:04:41+00:00,2021,12.0
207,COPERNICUS/S1_GRD/S1B_IW_GRDH_1SDV_20210530T010442_20210530T010507_027127_033D89_7015,49.98,-108.9,151,2021-05-30 01:04:42+00:00,2021,12.0
208,COPERNICUS/S1_GRD/S1B_IW_GRDH_1SDV_20210611T010443_20210611T010508_027302_0342C7_9CBE,49.98,-108.9,151,2021-06-11 01:04:43+00:00,2021,12.0
209,COPERNICUS/S1_GRD/S1B_IW_GRDH_1SDV_20210623T010443_20210623T010508_027477_0347EE_2952,49.98,-108.9,151,2021-06-23 01:04:43+00:00,2021,12.0
210,COPERNICUS/S1_GRD/S1B_IW_GRDH_1SDV_20210705T010444_20210705T010509_027652_034CD9_3069,49.98,-108.9,151,2021-07-05 01:04:44+00:00,2021,12.0
211,COPERNICUS/S1_GRD/S1B_IW_GRDH_1SDV_20210717T010445_20210717T010510_027827_035208_088A,49.98,-108.9,151,2021-07-17 01:04:45+00:00,2021,12.0
212,COPERNICUS/S1_GRD/S1B_IW_GRDH_1SDV_20210729T010446_20210729T010511_028002_03572B_3458,49.98,-108.9,151,2021-07-29 01:04:46+00:00,2021,12.0
213,COPERNICUS/S1_GRD/S1B_IW_GRDH_1SDV_20210810T010446_20210810T010511_028177_035C89_0CC3,49.98,-108.9,151,2021-08-10 01:04:46+00:00,2021,12.0
214,COPERNICUS/S1_GRD/S1B_IW_GRDH_1SDV_20210822T010447_20210822T010512_028352_036202_39C1,49.98,-108.9,151,2021-08-22 01:04:47+00:00,2021,12.0
215,COPERNICUS/S1_GRD/S1B_IW_GRDH_1SDV_20210903T010447_20210903T010512_028527_036777_4373,49.98,-108.9,151,2021-09-03 01:04:47+00:00,2021,12.0
216,COPERNICUS/S1_GRD/S1B_IW_GRDH_1SDV_20210915T010448_20210915T010513_028702_036CD8_3B13,49.98,-108.9,151,2021-09-15 01:04:48+00:00,2021,12.0
217,COPERNICUS/S1_GRD/S1B_IW_GRDH_1SDV_20210927T010448_20210927T010513_028877_037239_8443,49.98,-108.9,151,2021-09-27 01:04:48+00:00,2021,12.0
218,COPERNICUS/S1_GRD/S1B_IW_GRDH_1SDV_20211009T010448_20211009T010513_029052_037773_93B2,49.98,-108.9,151,2021-10-09 01:04:48+00:00,2021,12.0
219,COPERNICUS/S1_GRD/S1B_IW_GRDH_1SDV_20211021T010449_20211021T010514_029227_037CEE_2140,49.98,-108.9,151,2021-10-21 01:04:49+00:00,2021,12.0
254,COPERNICUS/S1_GRD/S1B_IW_GRDH_1SDV_20210405T011303_20210405T011328_026325_03245B_B73A,50.59,-111.13,49,2021-04-05 01:13:03+00:00,2021,0.0
255,COPERNICUS/S1_GRD/S1B_IW_GRDH_1SDV_20210417T011304_20210417T011329_026500_0329ED_7CF1,50.59,-111.13,49,2021-04-17 01:13:04+00:00,2021,12.0
256,COPERNICUS/S1_GRD/S1B_IW_GRDH_1SDV_20210429T011304_20210429T011329_026675_032F8A_D99D,50.59,-111.12,49,2021-04-29 01:13:04+00:00,2021,12.0
257,COPERNICUS/S1_GRD/S1B_IW_GRDH_1SDV_20210511T011305_20210511T011330_026850_03351F_7577,50.59,-111.13,49,2021-05-11 01:13:05+00:00,2021,12.0
258,COPERNICUS/S1_GRD/S1B_IW_GRDH_1SDV_20210523T011305_20210523T011330_027025_033A8A_D32C,50.59,-111.13,49,2021-05-23 01:13:05+00:00,2021,12.0
259,COPERNICUS/S1_GRD/S1B_IW_GRDH_1SDV_20210604T011306_20210604T011331_027200_033FBA_0330,50.59,-111.13,49,2021-06-04 01:13:06+00:00,2021,12.0
260,COPERNICUS/S1_GRD/S1B_IW_GRDH_1SDV_20210616T011307_20210616T011332_027375_0344FB_745D,50.59,-111.13,49,2021-06-16 01:13:07+00:00,2021,12.0
261,COPERNICUS/S1_GRD/S1B_IW_GRDH_1SDV_20210628T011308_20210628T011333_027550_0349E6_4982,50.59,-111.12,49,2021-06-28 01:13:08+00:00,2021,12.0
262,COPERNICUS/S1_GRD/S1B_IW_GRDH_1SDV_20210710T011308_20210710T011333_027725_034F03_FF46,50.59,-111.12,49,2021-07-10 01:13:08+00:00,2021,12.0
263,COPERNICUS/S1_GRD/S1B_IW_GRDH_1SDV_20210722T011309_20210722T011334_027900_03543E_793C,50.59,-111.12,49,2021-07-22 01:13:09+00:00,2021,12.0
264,COPERNICUS/S1_GRD/S1B_IW_GRDH_1SDV_20210803T011310_20210803T011335_028075_035959_D2C5,50.59,-111.12,49,2021-08-03 01:13:10+00:00,2021,12.0
265,COPERNICUS/S1_GRD/S1B_IW_GRDH_1SDV_20210815T011310_20210815T011335_028250_035EC1_3B53,50.59,-111.13,49,2021-08-15 01:13:10+00:00,2021,12.0
266,COPERNICUS/S1_GRD/S1B_IW_GRDH_1SDV_20210827T011311_20210827T011336_028425_036436_4EF4,50.59,-111.13,49,2021-08-27 01:13:11+00:00,2021,12.0
267,COPERNICUS/S1_GRD/S1B_IW_GRDH_1SDV_20210908T011312_20210908T011337_028600_0369B7_74DC,50.59,-111.13,49,2021-09-08 01:13:12+00:00,2021,12.0
268,COPERNICUS/S1_GRD/S1B_IW_GRDH_1SDV_20210920T011312_20210920T011337_028775_036F14_8869,50.59,-111.12,49,2021-09-20 01:13:12+00:00,2021,12.0
269,COPERNICUS/S1_GRD/S1B_IW_GRDH_1SDV_20211014T011312_20211014T011337_029125_0379B2_DCCA,50.59,-111.13,49,2021-10-14 01:13:12+00:00,2021,24.0
270,COPERNICUS/S1_GRD/S1B_IW_GRDH_1SDV_20211026T011312_20211026T011337_029300_037F22_015A,50.59,-111.13,49,2021-10-26 01:13:12+00:00,2021,12.0
286,COPERNICUS/S1_GRD/S1B_IW_GRDH_1SDV_20210409T004010_20210409T004035_026383_032645_BDE1,50.69,-102.93,107,2021-04-09 00:40:10+00:00,2021,0.0
287,COPERNICUS/S1_GRD/S1B_IW_GRDH_1SDV_20210421T004011_20210421T004036_026558_032BE8_4D91,50.69,-102.93,107,2021-04-21 00:40:11+00:00,2021,12.0
288,COPERNICUS/S1_GRD/S1B_IW_GRDH_1SDV_20210503T004011_20210503T004036_026733_03317F_D40E,50.69,-102.93,107,2021-05-03 00:40:11+00:00,2021,12.0
289,COPERNICUS/S1_GRD/S1B_IW_GRDH_1SDV_20210515T004012_20210515T004037_026908_0336FA_9F2C,50.69,-102.93,107,2021-05-15 00:40:12+00:00,2021,12.0
290,COPERNICUS/S1_GRD/S1B_IW_GRDH_1SDV_20210527T004012_20210527T004037_027083_033C4F_29AD,50.69,-102.93,107,2021-05-27 00:40:12+00:00,2021,12.0
291,COPERNICUS/S1_GRD/S1B_IW_GRDH_1SDV_20210608T004013_20210608T004038_027258_034186_509F,50.69,-102.93,107,2021-06-08 00:40:13+00:00,2021,12.0
292,COPERNICUS/S1_GRD/S1B_IW_GRDH_1SDV_20210620T004014_20210620T004039_027433_0346C1_F18A,50.69,-102.93,107,2021-06-20 00:40:14+00:00,2021,12.0
293,COPERNICUS/S1_GRD/S1B_IW_GRDH_1SDV_20210702T004015_20210702T004040_027608_034B98_F6C9,50.69,-102.93,107,2021-07-02 00:40:15+00:00,2021,12.0
294,COPERNICUS/S1_GRD/S1B_IW_GRDH_1SDV_20210714T004015_20210714T004040_027783_0350CB_09BD,50.69,-102.93,107,2021-07-14 00:40:15+00:00,2021,12.0
295,COPERNICUS/S1_GRD/S1B_IW_GRDH_1SDV_20210726T004016_20210726T004041_027958_0355F9_95F5,50.69,-102.93,107,2021-07-26 00:40:16+00:00,2021,12.0
296,COPERNICUS/S1_GRD/S1B_IW_GRDH_1SDV_20210807T004017_20210807T004042_028133_035B35_7DF5,50.69,-102.93,107,2021-08-07 00:40:17+00:00,2021,12.0
297,COPERNICUS/S1_GRD/S1B_IW_GRDH_1SDV_20210819T004017_20210819T004042_028308_0360AF_677F,50.69,-102.93,107,2021-08-19 00:40:17+00:00,2021,12.0
298,COPERNICUS/S1_GRD/S1B_IW_GRDH_1SDV_20210831T004018_20210831T004043_028483_036626_FD98,50.69,-102.93,107,2021-08-31 00:40:18+00:00,2021,12.0
299,COPERNICUS/S1_GRD/S1B_IW_GRDH_1SDV_20210912T004018_20210912T004043_028658_036B96_58E3,50.69,-102.93,107,2021-09-12 00:40:18+00:00,2021,12.0
300,COPERNICUS/S1_GRD/S1B_IW_GRDH_1SDV_20210924T004019_20210924T004044_028833_0370EB_999E,50.69,-102.93,107,2021-09-24 00:40:19+00:00,2021,12.0
301,COPERNICUS/S1_GRD/S1B_IW_GRDH_1SDV_20211006T004019_20211006T004044_029008_037630_A178,50.69,-102.93,107,2021-10-06 00:40:19+00:00,2021,12.0
302,COPERNICUS/S1_GRD/S1B_IW_GRDH_1SDV_20211018T004019_20211018T004044_029183_037B99_E5B5,50.69,-102.93,107,2021-10-18 00:40:19+00:00,2021,12.0
303,COPERNICUS/S1_GRD/S1B_IW_GRDH_1SDV_20211030T004019_20211030T004044_029358_0380F7_8E55,50.69,-102.93,107,2021-10-30 00:40:19+00:00,2021,12.0
423,COPERNICUS/S1_GRD/S1B_IW_GRDH_1SDV_20210405T011328_20210405T011357_026325_03245B_1E0D,52.17,-111.55,49,2021-04-05 01:13:28+00:00,2021,0.0
424,COPERNICUS/S1_GRD/S1B_IW_GRDH_1SDV_20210417T011329_20210417T011357_026500_0329ED_9937,52.17,-111.54,49,2021-04-17 01:13:29+00:00,2021,12.0
425,COPERNICUS/S1_GRD/S1B_IW_GRDH_1SDV_20210429T011329_20210429T011358_026675_032F8A_7404,52.17,-111.54,49,2021-04-29 01:13:29+00:00,2021,12.0
426,COPERNICUS/S1_GRD/S1B_IW_GRDH_1SDV_20210511T011330_20210511T011358_026850_03351F_91E4,52.17,-111.54,49,2021-05-11 01:13:30+00:00,2021,12.0
427,COPERNICUS/S1_GRD/S1B_IW_GRDH_1SDV_20210523T011330_20210523T011359_027025_033A8A_085A,52.17,-111.54,49,2021-05-23 01:13:30+00:00,2021,12.0
428,COPERNICUS/S1_GRD/S1B_IW_GRDH_1SDV_20210604T011331_20210604T011400_027200_033FBA_B1F8,52.17,-111.55,49,2021-06-04 01:13:31+00:00,2021,12.0
429,COPERNICUS/S1_GRD/S1B_IW_GRDH_1SDV_20210616T011332_20210616T011400_027375_0344FB_0038,52.17,-111.55,49,2021-06-16 01:13:32+00:00,2021,12.0
430,COPERNICUS/S1_GRD/S1B_IW_GRDH_1SDV_20210628T011333_20210628T011401_027550_0349E6_B15D,52.17,-111.54,49,2021-06-28 01:13:33+00:00,2021,12.0
431,COPERNICUS/S1_GRD/S1B_IW_GRDH_1SDV_20210710T011333_20210710T011402_027725_034F03_715A,52.17,-111.54,49,2021-07-10 01:13:33+00:00,2021,12.0
432,COPERNICUS/S1_GRD/S1B_IW_GRDH_1SDV_20210722T011334_20210722T011402_027900_03543E_8DF2,52.17,-111.54,49,2021-07-22 01:13:34+00:00,2021,12.0
433,COPERNICUS/S1_GRD/S1B_IW_GRDH_1SDV_20210803T011335_20210803T011403_028075_035959_E772,52.17,-111.54,49,2021-08-03 01:13:35+00:00,2021,12.0
434,COPERNICUS/S1_GRD/S1B_IW_GRDH_1SDV_20210815T011335_20210815T011404_028250_035EC1_3FA1,52.17,-111.54,49,2021-08-15 01:13:35+00:00,2021,12.0
435,COPERNICUS/S1_GRD/S1B_IW_GRDH_1SDV_20210827T011336_20210827T011405_028425_036436_E1A6,52.17,-111.55,49,2021-08-27 01:13:36+00:00,2021,12.0
436,COPERNICUS/S1_GRD/S1B_IW_GRDH_1SDV_20210908T011337_20210908T011405_028600_0369B7_2497,52.17,-111.54,49,2021-09-08 01:13:37+00:00,2021,12.0
437,COPERNICUS/S1_GRD/S1B_IW_GRDH_1SDV_20210920T011337_20210920T011405_028775_036F14_1A3B,52.17,-111.54,49,2021-09-20 01:13:37+00:00,2021,12.0
438,COPERNICUS/S1_GRD/S1B_IW_GRDH_1SDV_20211014T011337_20211014T011406_029125_0379B2_D412,52.17,-111.55,49,2021-10-14 01:13:37+00:00,2021,24.0
439,COPERNICUS/S1_GRD/S1B_IW_GRDH_1SDV_20211026T011337_20211026T011406_029300_037F22_713C,52.17,-111.55,49,2021-10-26 01:13:37+00:00,2021,12.0
